{
  "kind": "coverage_report",
  "version": "1.0",
  "generatedAt": "2026-02-25T14:23:56.729Z",
  "sources": {
    "buildRequest": true,
    "implementationPlan": true
  },
  "requirements": {
    "total": 10,
    "implemented": 9,
    "items": [
      {
        "id": "REQ-1",
        "summary": "Build a Pomodoro timer with a cute, printy/stationery-inspired visual theme featuring pastel colors, rounded cards, playful typography, doodle-style decorative accents, and soft shadows. The layout should feel like a paper planner or cute desk organizer. Apply this aesthetic consistently across all screens.",
        "status": "implemented",
        "plannedFiles": [
          "frontend/src/index.css",
          "frontend/tailwind.config.js",
          "frontend/src/components/Layout.tsx"
        ],
        "matchedFiles": [
          "frontend/src/index.css",
          "frontend/tailwind.config.js",
          "frontend/src/components/Layout.tsx"
        ]
      },
      {
        "id": "REQ-10",
        "summary": "Generate app visual assets: a cute gift box illustration for the task completion reward animation, and a decorative app logo/icon featuring a tomato with floral elements.",
        "status": "implemented",
        "plannedFiles": [
          "frontend/src/components/LoginButton.tsx",
          "frontend/src/components/ProfileSetup.tsx",
          "frontend/src/components/Navigation.tsx",
          "frontend/src/pages/TimerPage.tsx",
          "frontend/src/pages/DashboardPage.tsx",
          "frontend/src/pages/SettingsPage.tsx"
        ],
        "matchedFiles": [
          "frontend/src/components/LoginButton.tsx",
          "frontend/src/components/ProfileSetup.tsx",
          "frontend/src/components/Navigation.tsx",
          "frontend/src/pages/TimerPage.tsx",
          "frontend/src/pages/DashboardPage.tsx",
          "frontend/src/pages/SettingsPage.tsx"
        ]
      },
      {
        "id": "REQ-2",
        "summary": "Implement a Pomodoro timer with a customizable focus time limit. The user can set the duration in minutes before starting. Display the countdown prominently with a cute circular progress ring. Play a sound when the timer completes.",
        "status": "implemented",
        "plannedFiles": [
          "frontend/src/components/Timer.tsx",
          "frontend/src/hooks/useTimer.ts",
          "frontend/src/utils/audio.ts",
          "frontend/public/assets/sounds/bell.mp3",
          "frontend/public/assets/sounds/chime.mp3",
          "frontend/public/assets/sounds/ding.mp3",
          "frontend/public/assets/sounds/nature.mp3"
        ],
        "matchedFiles": [
          "frontend/src/components/Timer.tsx",
          "frontend/src/hooks/useTimer.ts",
          "frontend/src/utils/audio.ts"
        ]
      },
      {
        "id": "REQ-3",
        "summary": "Add a break timer that activates after each Pomodoro session ends. Users can configure short break duration (default 5 min) and long break duration (default 15 min, triggered every 4 Pomodoros). The timer should automatically transition to break mode and display it visually distinct from focus mode.",
        "status": "implemented",
        "plannedFiles": [
          "frontend/src/components/BreakSettings.tsx"
        ],
        "matchedFiles": [
          "frontend/src/components/BreakSettings.tsx"
        ]
      },
      {
        "id": "REQ-4",
        "summary": "Add an editable 'What are you working on?' text field displayed prominently on the timer screen. The user can type their current task for that Pomodoro session. The text should be saved alongside the session record and displayed in the progress dashboard.",
        "status": "missing",
        "plannedFiles": [
          "frontend/src/hooks/useSaveSession.ts"
        ],
        "matchedFiles": []
      },
      {
        "id": "REQ-5",
        "summary": "Implement sound customization options. Users can choose from a set of timer completion sounds (e.g., bell, chime, soft ding, nature sound) and adjust the volume. The selected sound preference should be persisted.",
        "status": "implemented",
        "plannedFiles": [
          "frontend/src/components/SoundSettings.tsx",
          "frontend/src/hooks/useSoundSettings.ts"
        ],
        "matchedFiles": [
          "frontend/src/components/SoundSettings.tsx"
        ]
      },
      {
        "id": "REQ-6",
        "summary": "Build a progress statistics dashboard that displays historical session data including: total Pomodoros completed, total focus time, daily/weekly session counts, current streak, and a list of completed sessions with their associated task names and dates.",
        "status": "implemented",
        "plannedFiles": [
          "frontend/src/components/Dashboard.tsx",
          "frontend/src/hooks/useUserProfile.ts",
          "frontend/src/hooks/useSessions.ts",
          "frontend/src/utils/dateHelpers.ts"
        ],
        "matchedFiles": [
          "frontend/src/components/Dashboard.tsx",
          "frontend/src/utils/dateHelpers.ts"
        ]
      },
      {
        "id": "REQ-7",
        "summary": "Implement a streak gamification system. Track consecutive days where the user completes at least one Pomodoro. Display the current streak count with a cute flame or star badge. Award milestone badges (e.g., 3-day, 7-day, 30-day streaks) and show them in a badge collection section.",
        "status": "implemented",
        "plannedFiles": [
          "frontend/src/components/StreakBadge.tsx",
          "frontend/src/components/BadgeCollection.tsx"
        ],
        "matchedFiles": [
          "frontend/src/components/StreakBadge.tsx",
          "frontend/src/components/BadgeCollection.tsx"
        ]
      },
      {
        "id": "REQ-8",
        "summary": "Show a cute gift/reward animation when a Pomodoro task session is completed. The animation should display a gift box opening with sparkles, confetti, and an encouraging message. Users can click the gift to reveal a small motivational reward message.",
        "status": "implemented",
        "plannedFiles": [
          "frontend/src/components/RewardAnimation.tsx",
          "frontend/src/data/motivationalMessages.ts"
        ],
        "matchedFiles": [
          "frontend/src/components/RewardAnimation.tsx",
          "frontend/src/data/motivationalMessages.ts"
        ]
      },
      {
        "id": "REQ-9",
        "summary": "Implement a custom themes system allowing users to switch between at least 5 pre-designed themes (e.g., Cherry Blossom, Mint Garden, Lavender Dream, Sunny Citrus, Midnight Stars). Each theme changes the color palette and decorative accent style. The selected theme persists across sessions.",
        "status": "implemented",
        "plannedFiles": [
          "frontend/src/components/ThemePicker.tsx",
          "frontend/src/hooks/useTheme.ts",
          "frontend/src/styles/themes.ts",
          "frontend/src/App.tsx"
        ],
        "matchedFiles": [
          "frontend/src/components/ThemePicker.tsx",
          "frontend/src/styles/themes.ts",
          "frontend/src/App.tsx"
        ]
      }
    ]
  },
  "changedFiles": [
    "backend/authorization/MixinAuthorization.mo",
    "backend/authorization/access-control.mo",
    "backend/main.mo",
    "build-request.json",
    "build-template/Dockerfile",
    "build-template/LICENSE",
    "build-template/README.md",
    "build-template/deploy.sh",
    "build-template/icp.yaml",
    "build-template/package.json",
    "build-template/pnpm-lock.yaml",
    "build-template/pnpm-workspace.yaml",
    "build-template/scripts/prune-unused-images.js",
    "build-template/scripts/resize-images.js",
    "build-template/src/backend/canister.yaml",
    "build-template/src/backend/system-idl/aaaaa-aa.did",
    "build-template/src/frontend/canister.yaml",
    "build-template/src/frontend/components.json",
    "build-template/src/frontend/env.json",
    "build-template/src/frontend/eslint-rules/no-bigint-in-query-keys.js",
    "build-template/src/frontend/eslint-rules/require-internet-identity-provider.js",
    "build-template/src/frontend/eslint.config.js",
    "build-template/src/frontend/package.json",
    "build-template/src/frontend/postcss.config.js",
    "build-template/src/frontend/src/components/ui/accordion.tsx",
    "build-template/src/frontend/src/components/ui/alert-dialog.tsx",
    "build-template/src/frontend/src/components/ui/alert.tsx",
    "build-template/src/frontend/src/components/ui/aspect-ratio.tsx",
    "build-template/src/frontend/src/components/ui/avatar.tsx",
    "build-template/src/frontend/src/components/ui/badge.tsx",
    "build-template/src/frontend/src/components/ui/breadcrumb.tsx",
    "build-template/src/frontend/src/components/ui/button.tsx",
    "build-template/src/frontend/src/components/ui/calendar.tsx",
    "build-template/src/frontend/src/components/ui/card.tsx",
    "build-template/src/frontend/src/components/ui/carousel.tsx",
    "build-template/src/frontend/src/components/ui/chart.tsx",
    "build-template/src/frontend/src/components/ui/checkbox.tsx",
    "build-template/src/frontend/src/components/ui/collapsible.tsx",
    "build-template/src/frontend/src/components/ui/command.tsx",
    "build-template/src/frontend/src/components/ui/context-menu.tsx",
    "build-template/src/frontend/src/components/ui/dialog.tsx",
    "build-template/src/frontend/src/components/ui/drawer.tsx",
    "build-template/src/frontend/src/components/ui/dropdown-menu.tsx",
    "build-template/src/frontend/src/components/ui/form.tsx",
    "build-template/src/frontend/src/components/ui/hover-card.tsx",
    "build-template/src/frontend/src/components/ui/input-otp.tsx",
    "build-template/src/frontend/src/components/ui/input.tsx",
    "build-template/src/frontend/src/components/ui/label.tsx",
    "build-template/src/frontend/src/components/ui/menubar.tsx",
    "build-template/src/frontend/src/components/ui/navigation-menu.tsx",
    "build-template/src/frontend/src/components/ui/pagination.tsx",
    "build-template/src/frontend/src/components/ui/popover.tsx",
    "build-template/src/frontend/src/components/ui/progress.tsx",
    "build-template/src/frontend/src/components/ui/radio-group.tsx",
    "build-template/src/frontend/src/components/ui/resizable.tsx",
    "build-template/src/frontend/src/components/ui/scroll-area.tsx",
    "build-template/src/frontend/src/components/ui/select.tsx",
    "build-template/src/frontend/src/components/ui/separator.tsx",
    "build-template/src/frontend/src/components/ui/sheet.tsx",
    "build-template/src/frontend/src/components/ui/sidebar.tsx",
    "build-template/src/frontend/src/components/ui/skeleton.tsx",
    "build-template/src/frontend/src/components/ui/slider.tsx",
    "build-template/src/frontend/src/components/ui/sonner.tsx",
    "build-template/src/frontend/src/components/ui/switch.tsx",
    "build-template/src/frontend/src/components/ui/table.tsx",
    "build-template/src/frontend/src/components/ui/tabs.tsx",
    "build-template/src/frontend/src/components/ui/textarea.tsx",
    "build-template/src/frontend/src/components/ui/toggle-group.tsx",
    "build-template/src/frontend/src/components/ui/toggle.tsx",
    "build-template/src/frontend/src/components/ui/tooltip.tsx",
    "build-template/src/frontend/src/hooks/use-mobile.tsx",
    "build-template/src/frontend/src/lib/utils.ts",
    "build-template/src/frontend/tsconfig.json",
    "build-template/src/frontend/vite.config.js",
    "build-template/tsconfig.json",
    "caffeine.lock.json",
    "feature_evidence.json",
    "frontend-file-summaries.txt",
    "frontend-implementation-plan.json",
    "frontend/index.css",
    "frontend/index.html",
    "frontend/public/assets/generated/doodle-pattern-tile.dim_400x400.png",
    "frontend/public/assets/generated/gift-box-reward.dim_400x400.png",
    "frontend/public/assets/generated/pomo-bloom-logo.dim_256x256.png",
    "frontend/src/App.tsx",
    "frontend/src/backend.d.ts",
    "frontend/src/backend.ts",
    "frontend/src/components/BadgeCollection.tsx",
    "frontend/src/components/BreakSettings.tsx",
    "frontend/src/components/Dashboard.tsx",
    "frontend/src/components/Layout.tsx",
    "frontend/src/components/LoginButton.tsx",
    "frontend/src/components/Navigation.tsx",
    "frontend/src/components/ProfileSetup.tsx",
    "frontend/src/components/RewardAnimation.tsx",
    "frontend/src/components/SoundSettings.tsx",
    "frontend/src/components/StreakBadge.tsx",
    "frontend/src/components/ThemePicker.tsx",
    "frontend/src/components/Timer.tsx",
    "frontend/src/config.ts",
    "frontend/src/data/motivationalMessages.ts",
    "frontend/src/declarations/backend.did.d.ts",
    "frontend/src/declarations/backend.did.js",
    "frontend/src/hooks/useActor.ts",
    "frontend/src/hooks/useInternetIdentity.ts",
    "frontend/src/hooks/useQueries.ts",
    "frontend/src/hooks/useTimer.ts",
    "frontend/src/index.css",
    "frontend/src/main.tsx",
    "frontend/src/pages/DashboardPage.tsx",
    "frontend/src/pages/SettingsPage.tsx",
    "frontend/src/pages/TimerPage.tsx",
    "frontend/src/styles/themes.ts",
    "frontend/src/ui-summary.json",
    "frontend/src/utils/StorageClient.ts",
    "frontend/src/utils/audio.ts",
    "frontend/src/utils/dateHelpers.ts",
    "frontend/src/utils/urlParams.ts",
    "frontend/tailwind.config.js",
    "project_state.json",
    "scratch/component-selection.json",
    "spec.md",
    "spec_vs_diff_report.json"
  ]
}