{
  "kind": "implementation_plan",
  "version": "1.0",
  "title": "Pomo Bloom - Pomodoro Timer with Cute Aesthetic Frontend",
  "requirements": [
    {
      "id": "REQ-1",
      "summary": "Apply cute, printy/stationery-inspired visual theme with pastel colors, rounded cards, playful typography, doodle accents, and soft shadows across all screens",
      "acceptanceCriteria": [
        "Pastel color palette (pinks, mints, lavenders, creams) is used throughout",
        "Typography uses a friendly, rounded or handwriting-style font",
        "UI components (cards, buttons, inputs) have soft rounded corners and subtle drop shadows",
        "Decorative doodle/floral/star accents appear on cards and section headers",
        "Theme feels cohesive and stationery/planner-inspired across all pages"
      ],
      "file_operations": [
        {
          "path": "frontend/src/index.css",
          "operation": "modify",
          "description": "Add global CSS custom properties for pastel color palette (pinks, mints, lavenders, creams), import Google Fonts for playful rounded typography (e.g., Quicksand, Nunito), define base styles for rounded corners and soft shadows, set up doodle accent utilities, and set doodle pattern tile from frontend/public/assets/generated/doodle-pattern-tile.dim_400x400.png as a repeating background pattern using CSS background-image and background-repeat."
        },
        {
          "path": "frontend/tailwind.config.js",
          "operation": "modify",
          "description": "Extend Tailwind theme with custom pastel color palette, rounded corner utilities, soft shadow presets, and custom font families for the cute aesthetic."
        },
        {
          "path": "frontend/src/components/Layout.tsx",
          "operation": "create",
          "description": "Create a main layout component that wraps the app with cute stationery-inspired design elements including decorative header with doodle accents, app logo image from frontend/public/assets/generated/pomo-bloom-logo.dim_256x256.png alongside the app title 'Pomo Bloom', soft background pattern, and consistent padding/spacing. Wire Navigation component into header and include LoginButton."
        }
      ]
    },
    {
      "id": "REQ-2",
      "summary": "Implement Pomodoro timer with customizable focus duration, circular progress ring, countdown display, completion sound, and start/pause/reset controls",
      "acceptanceCriteria": [
        "User can set focus duration (default 25 min) via an input or stepper control",
        "Circular countdown ring visually tracks remaining time",
        "Timer counts down accurately and stops at zero",
        "A completion sound plays when the focus session ends",
        "Start, pause, and reset controls are clearly accessible"
      ],
      "file_operations": [
        {
          "path": "frontend/src/components/Timer.tsx",
          "operation": "create",
          "description": "Create main timer component with circular progress ring SVG, countdown display showing minutes and seconds, duration input/stepper for customization (default 25 min), start/pause/reset button controls, text input field labeled 'What are you working on?' bound to local state, and StreakBadge component to display current streak. Play completion sound via Web Audio API when timer reaches zero. Trigger RewardAnimation component when Pomodoro session completes. When session completes, call backend saveSession with taskName, focusDuration, and breakDuration using the authorization component to ensure user is authenticated. Use useState for timer state and useEffect for countdown logic."
        },
        {
          "path": "frontend/src/hooks/useTimer.ts",
          "operation": "create",
          "description": "Create custom hook to manage timer state including remaining time, running status, duration configuration, countdown interval logic, timer mode (focus/shortBreak/longBreak), track completed Pomodoro count for long break triggering (every 4th), handle automatic mode transitions, support configurable break durations, and completion callback. Return controls for start, pause, reset, and setDuration."
        },
        {
          "path": "frontend/src/utils/audio.ts",
          "operation": "create",
          "description": "Create audio utility module using Web Audio API to play timer completion sounds with volume control parameter and multiple sound file loading support. Provide playSound function that accepts sound name and volume parameters."
        },
        {
          "path": "frontend/public/assets/sounds/bell.mp3",
          "operation": "create",
          "description": "Add bell completion sound audio file (generate or use placeholder for build)."
        },
        {
          "path": "frontend/public/assets/sounds/chime.mp3",
          "operation": "create",
          "description": "Add chime completion sound audio file (generate or use placeholder for build)."
        },
        {
          "path": "frontend/public/assets/sounds/ding.mp3",
          "operation": "create",
          "description": "Add soft ding completion sound audio file (generate or use placeholder for build)."
        },
        {
          "path": "frontend/public/assets/sounds/nature.mp3",
          "operation": "create",
          "description": "Add nature sound completion audio file (generate or use placeholder for build)."
        }
      ]
    },
    {
      "id": "REQ-3",
      "summary": "Add break timer that activates after Pomodoro sessions with configurable short break (5 min) and long break (15 min every 4 Pomodoros), with automatic transition and visual distinction",
      "acceptanceCriteria": [
        "Short break timer activates automatically after a Pomodoro session",
        "Long break triggers after every 4th completed Pomodoro",
        "Break durations are configurable by the user",
        "Break mode has a visually distinct color or design compared to focus mode",
        "User can skip a break and start the next Pomodoro manually"
      ],
      "file_operations": [
        {
          "path": "frontend/src/components/BreakSettings.tsx",
          "operation": "create",
          "description": "Create break settings component allowing users to configure short break duration (default 5 min) and long break duration (default 15 min) via input fields or steppers."
        }
      ]
    },
    {
      "id": "REQ-4",
      "summary": "Add editable 'What are you working on?' text field on timer screen, save task name with session record, and display in progress dashboard",
      "acceptanceCriteria": [
        "An editable text input labeled 'What are you working on?' is visible on the main timer screen",
        "User can type and edit the task name freely before or during a session",
        "The task name is associated with the completed Pomodoro session in storage",
        "Task name appears in the progress dashboard per session",
        "The field is cleared or pre-filled when starting a new session"
      ],
      "file_operations": [
        {
          "path": "frontend/src/hooks/useSaveSession.ts",
          "operation": "create",
          "description": "Create mutation hook using React Query to call backend saveSession method. Accept taskName, focusDuration, and breakDuration parameters. Invalidate sessions query on success."
        }
      ]
    },
    {
      "id": "REQ-5",
      "summary": "Implement sound customization with selectable completion sounds, volume control, preview functionality, and persistence",
      "acceptanceCriteria": [
        "At least 4 distinct completion sounds are available to choose from",
        "User can preview each sound before selecting",
        "A volume slider is provided",
        "Selected sound and volume are persisted in backend state",
        "The chosen sound plays at Pomodoro and break completion"
      ],
      "file_operations": [
        {
          "path": "frontend/src/components/SoundSettings.tsx",
          "operation": "create",
          "description": "Create sound settings component with radio buttons or dropdown for sound selection (bell, chime, ding, nature), preview button for each sound, and volume slider (0-100). On change, call backend updateSoundProfile mutation. Use the authorization component to ensure user is authenticated before saving settings."
        },
        {
          "path": "frontend/src/hooks/useSoundSettings.ts",
          "operation": "create",
          "description": "Create mutation hook using React Query to call backend updateSoundProfile method with sound name and volume. Invalidate user profile query on success."
        }
      ]
    },
    {
      "id": "REQ-6",
      "summary": "Build progress statistics dashboard displaying total Pomodoros, total focus time, daily/weekly counts, current streak, and session history with task names and dates",
      "acceptanceCriteria": [
        "Dashboard shows total Pomodoros completed and total focus time",
        "A daily and weekly session count chart or summary is displayed",
        "Current streak count is prominently shown",
        "A scrollable session history list shows task name, date, and duration per session",
        "Dashboard is accessible from a navigation tab or button"
      ],
      "file_operations": [
        {
          "path": "frontend/src/components/Dashboard.tsx",
          "operation": "create",
          "description": "Create dashboard page component that fetches user profile and sessions data using React Query. Display total Pomodoros (totalPomodoros), total focus time (totalFocusTime in minutes/hours), current streak (streak.currentStreak) via StreakBadge component, daily/weekly session count summaries calculated from sessions array, scrollable session history list showing taskName, completedAt date, and focusDuration for each session, and BadgeCollection component showing milestone badges. Use the authorization component to ensure user is authenticated before displaying data."
        },
        {
          "path": "frontend/src/hooks/useUserProfile.ts",
          "operation": "create",
          "description": "Create query hook using React Query to call backend getCallerUserProfile method following the authorization component's pattern to prevent profile setup modal flash. Return user profile data including sessions, streak, totalPomodoros, and totalFocusTime. Return custom state with isLoading, isFetched that properly reflects actor dependency."
        },
        {
          "path": "frontend/src/hooks/useSessions.ts",
          "operation": "create",
          "description": "Create query hook using React Query to call backend getSessions method. Return array of PomodoroSession objects."
        },
        {
          "path": "frontend/src/utils/dateHelpers.ts",
          "operation": "create",
          "description": "Create utility functions to format Time (bigint nanoseconds) to readable date/time strings, calculate daily and weekly session counts from sessions array, and format duration values."
        }
      ]
    },
    {
      "id": "REQ-7",
      "summary": "Implement streak gamification with consecutive day tracking, flame/star badge, milestone badges (3, 7, 14, 30 days), and badge collection display",
      "acceptanceCriteria": [
        "Streak counter increments for each consecutive day with at least one completed Pomodoro",
        "Streak resets if a day is missed",
        "Current streak is displayed on the main timer screen and dashboard",
        "Milestone badges are awarded at 3, 7, 14, and 30-day streaks",
        "Badge collection section shows all earned and locked badges"
      ],
      "file_operations": [
        {
          "path": "frontend/src/components/StreakBadge.tsx",
          "operation": "create",
          "description": "Create streak badge component displaying current streak count with a cute flame or star icon. Fetch streak data from user profile (streak.currentStreak)."
        },
        {
          "path": "frontend/src/components/BadgeCollection.tsx",
          "operation": "create",
          "description": "Create badge collection component displaying all milestone badges (3, 7, 14, 30 days). Render earned badges in full color and locked badges in grayscale. Use user profile streak.milestones array to determine which badges are unlocked."
        }
      ]
    },
    {
      "id": "REQ-8",
      "summary": "Show cute gift/reward animation with sparkles and confetti when Pomodoro completes, revealing motivational message on click",
      "acceptanceCriteria": [
        "A gift box animation plays on the screen upon task completion",
        "Animation includes sparkles or confetti effects",
        "Clicking the gift reveals a random motivational message",
        "Animation can be dismissed to proceed",
        "At least 10 different motivational messages are included"
      ],
      "file_operations": [
        {
          "path": "frontend/src/components/RewardAnimation.tsx",
          "operation": "create",
          "description": "Create reward animation modal component that displays on Pomodoro completion. Show gift box image from frontend/public/assets/generated/gift-box-reward.dim_400x400.png with CSS animation (bounce, scale, rotate). Add sparkles and confetti effects using CSS keyframe animations or a lightweight animation library. On click, reveal random motivational message from predefined array imported from motivationalMessages. Provide dismiss button to close modal."
        },
        {
          "path": "frontend/src/data/motivationalMessages.ts",
          "operation": "create",
          "description": "Export array of at least 10 motivational messages to display in reward animation (e.g., 'Great job!', 'You're on fire!', 'Keep blooming!')."
        }
      ]
    },
    {
      "id": "REQ-9",
      "summary": "Implement custom themes system with 5 pre-designed themes (Cherry Blossom, Mint Garden, Lavender Dream, Sunny Citrus, Midnight Stars), theme switcher, and persistence",
      "acceptanceCriteria": [
        "At least 5 distinct themes are available with unique color palettes",
        "Switching themes updates the entire UI immediately",
        "Theme selection is accessible from a settings or theme picker panel",
        "Selected theme is persisted in user settings on the backend",
        "Each theme has a cute preview swatch in the theme picker"
      ],
      "file_operations": [
        {
          "path": "frontend/src/components/ThemePicker.tsx",
          "operation": "create",
          "description": "Create theme picker component with radio buttons or cards for each of the 5 themes (cherryBlossom, mintGarden, lavenderDream, sunnyCitrus, midnightStars). Display cute preview swatches showing each theme's color palette. On selection, call backend updateTheme mutation. Use the authorization component to ensure user is authenticated before saving theme preference."
        },
        {
          "path": "frontend/src/hooks/useTheme.ts",
          "operation": "create",
          "description": "Create theme management hook that fetches current theme from user profile, applies theme CSS custom properties to document root, and provides mutation to update theme. Use React Query to call backend updateTheme method."
        },
        {
          "path": "frontend/src/styles/themes.ts",
          "operation": "create",
          "description": "Define theme configuration object mapping each theme name (cherryBlossom, mintGarden, lavenderDream, sunnyCitrus, midnightStars) to its color palette values (primary, secondary, accent, background, text colors)."
        },
        {
          "path": "frontend/src/App.tsx",
          "operation": "modify",
          "description": "Set up React Router with routes for timer (default/home), dashboard, and settings pages. Wrap routes with Layout component. Ensure all routes are protected by authentication check using the authorization component. Use useTheme hook to apply selected theme CSS custom properties on app mount and theme change. Wire LoginButton into the app navigation. Show ProfileSetup modal when user is authenticated but has no profile. Gate access to timer and dashboard features behind authentication check."
        }
      ]
    },
    {
      "id": "REQ-10",
      "summary": "Wire generated visual assets (gift box illustration and app logo) into the UI as static assets",
      "acceptanceCriteria": [
        "Gift box illustration is rendered in the completion animation",
        "App logo/icon is displayed in the header or app title area",
        "Assets match the overall pastel/cute aesthetic"
      ],
      "file_operations": [
        {
          "path": "frontend/src/components/LoginButton.tsx",
          "operation": "create",
          "description": "Use the authorization component to create login button with useInternetIdentity hook. Handle login/logout flow and clear query cache on logout. Follow the authorization component's usage instructions exactly."
        },
        {
          "path": "frontend/src/components/ProfileSetup.tsx",
          "operation": "create",
          "description": "Use the authorization component to create profile setup modal for first-time users. Use getCallerUserProfile to check if profile exists and saveCallerUserProfile to save name. Follow the authorization component's pattern to prevent modal flash using isAuthenticated, profileLoading, isFetched checks."
        },
        {
          "path": "frontend/src/components/Navigation.tsx",
          "operation": "create",
          "description": "Create navigation component with tabs or buttons linking to timer, dashboard, and settings routes. Style with cute aesthetic matching overall theme."
        },
        {
          "path": "frontend/src/pages/TimerPage.tsx",
          "operation": "create",
          "description": "Create timer page component that renders Timer component. This is the main/home page."
        },
        {
          "path": "frontend/src/pages/DashboardPage.tsx",
          "operation": "create",
          "description": "Create dashboard page component that renders Dashboard component with statistics, session history, StreakBadge, and BadgeCollection."
        },
        {
          "path": "frontend/src/pages/SettingsPage.tsx",
          "operation": "create",
          "description": "Create settings page component that renders SoundSettings, ThemePicker, and BreakSettings components."
        }
      ]
    }
  ]
}